{"cameraMode":{"drawMode":0,"name":"Shaded","section":"Shading Mode"},"sceneLighting":true,"audioPlay":false,"sceneViewState":{"showFog":true,"showMaterialUpdate":false,"showSkybox":true,"showFlares":true,"showImageEffects":true,"showParticleSystems":true,"showVisualEffectGraphs":true,"m_FxEnabled":false},"in2DMode":false,"pivot":{"x":216.13294982910157,"y":7.211706638336182,"z":18.78095054626465},"rotation":{"x":0.013754617422819138,"y":0.08838453888893128,"z":-0.0012372960336506367,"w":0.9960834980010986},"size":12.12435531616211,"orthographic":false}